chitosan_percent,cellulose_percent,lignin_percent,glycerol_percent,glutaraldehyde_percent,tensile_strength_mpa,elongation_percent,water_absorption_percent,biodegradation_days,cost_per_kg
9.78,62.76,27.46,3.39,0.32,26.25,29.01,50.0,15.1,4.22
15.47,27.71,56.82,2.73,0.51,18.01,22.24,50.0,18.9,5.37
25.7,64.9,9.4,3.06,0.93,30.87,22.65,50.0,14.6,7.98
5.6,62.8,31.6,1.49,0.79,33.69,6.37,50.0,14.1,3.2
17.63,4.55,77.82,4.1,1.42,16.79,30.11,50.0,22.0,5.83
12.55,69.96,17.49,2.12,0.86,33.9,13.77,50.0,14.9,4.89
0.19,57.82,41.99,3.92,1.18,28.38,24.24,50.0,18.4,1.99
7.9,44.8,47.3,3.92,0.99,24.19,29.6,50.0,17.8,3.73
38.37,22.1,39.53,2.98,0.83,18.95,25.32,50.0,19.9,10.74
21.03,70.48,8.49,2.64,1.16,33.09,17.47,50.0,13.7,6.91
40.05,5.08,54.87,3.16,1.23,16.87,26.48,50.0,20.9,11.07
13.16,40.26,46.58,1.03,0.82,25.8,5.27,50.0,17.8,4.85
71.85,9.8,18.35,3.81,0.61,13.46,34.86,249.03,16.4,18.57
2.24,56.1,41.66,1.21,0.49,29.26,8.17,50.0,16.2,2.36
75.3,4.92,19.78,4.05,0.43,10.0,44.31,305.21,19.1,19.35
28.79,3.55,67.66,2.28,0.36,13.64,19.75,50.0,22.7,8.36
43.14,7.98,48.88,2.55,1.41,19.77,18.05,50.0,21.0,11.8
30.06,47.36,22.58,3.12,0.44,23.63,28.83,50.0,14.6,8.91
22.51,39.55,37.94,4.12,1.0,22.99,33.03,50.0,16.6,7.14
47.34,42.44,10.22,3.85,0.43,22.23,34.11,195.11,15.3,12.97
53.32,41.79,4.89,2.47,0.47,24.65,24.93,247.36,14.9,14.33
31.22,38.45,30.33,1.78,1.11,26.11,14.34,50.0,17.8,9.12
0.49,82.1,17.41,4.87,1.45,33.81,33.34,50.0,13.3,2.22
27.61,13.45,58.94,4.74,1.07,13.98,37.02,50.0,20.1,8.23
45.2,29.08,25.72,3.81,0.6,19.61,33.05,108.83,17.4,12.4
63.38,18.57,18.05,4.19,1.01,18.75,39.28,203.18,17.6,16.64
32.86,6.89,60.25,1.14,0.75,16.26,11.01,50.0,21.8,9.31
1.72,78.11,20.17,1.51,0.83,35.41,9.55,50.0,14.3,2.36
3.34,47.7,48.96,3.55,1.12,26.57,24.19,50.0,17.9,2.66
32.38,59.25,8.37,1.1,1.45,37.07,8.14,54.09,13.5,9.48
13.56,22.95,63.49,3.86,1.02,19.7,31.12,50.0,23.0,4.95
13.28,20.53,66.19,1.06,0.26,20.24,10.72,50.0,21.5,4.76
44.86,42.53,12.61,2.74,0.66,26.43,28.0,148.06,14.7,12.36
27.13,19.3,53.57,3.63,0.33,14.84,30.26,50.0,20.0,8.09
67.64,20.57,11.79,3.57,0.74,18.47,35.15,270.39,16.0,17.63
89.05,8.23,2.72,1.4,0.13,15.46,22.66,426.59,15.4,22.51
52.18,0.66,47.16,2.13,0.27,13.95,26.42,76.32,21.3,13.84
75.55,15.38,9.07,4.0,1.23,18.19,37.42,313.25,15.5,19.49
8.27,52.96,38.77,2.72,1.15,29.09,17.77,50.0,18.2,3.82
39.84,8.77,51.39,2.56,0.12,13.28,25.6,50.0,21.3,10.99
51.47,30.65,17.88,2.31,1.04,25.44,22.33,137.32,16.2,13.85
22.36,16.33,61.31,2.4,0.26,16.46,20.13,50.0,21.6,6.92
6.41,88.08,5.51,4.29,1.09,36.71,28.88,50.0,13.5,3.61
3.62,62.4,33.98,2.7,1.37,33.39,13.29,50.0,16.0,2.78
18.73,40.87,40.4,3.6,1.14,25.6,26.09,50.0,17.2,6.25
36.34,4.53,59.13,1.05,1.46,23.13,6.58,50.0,20.9,10.14
66.78,14.19,19.03,3.78,0.74,17.23,40.19,230.32,18.2,17.4
64.48,21.64,13.88,2.85,0.59,17.11,29.82,251.18,18.2,16.86
11.55,52.44,36.01,1.65,1.38,34.2,10.99,50.0,16.8,4.57
96.5,2.22,1.28,2.51,1.23,15.35,31.11,426.72,17.3,24.3
58.67,34.97,6.36,4.46,1.24,24.54,38.91,214.89,13.3,15.63
3.33,74.22,22.45,1.91,1.04,33.67,13.13,50.0,13.8,2.74
24.91,50.18,24.91,4.41,0.87,25.48,35.0,50.0,15.7,7.76
1.21,58.51,40.28,3.82,0.4,25.98,25.22,50.0,15.1,2.2
67.1,12.25,20.65,4.13,0.66,15.23,40.47,230.41,18.2,17.47
6.19,12.73,81.08,2.97,0.56,13.65,23.23,50.0,22.5,3.12
6.93,14.65,78.42,2.9,1.03,18.37,18.14,50.0,22.6,3.32
11.07,15.32,73.61,1.83,0.61,21.78,13.32,50.0,22.8,4.25
44.31,54.34,1.35,2.11,1.23,30.64,18.54,159.01,12.2,12.28
31.77,46.17,22.06,2.85,1.15,28.61,22.44,75.21,17.0,9.32
7.73,40.43,51.84,1.97,0.48,23.77,14.42,50.0,18.5,3.59
14.5,4.66,80.84,3.37,1.05,15.71,26.84,50.0,23.0,5.06
31.38,48.57,20.05,1.51,0.5,29.22,11.67,50.0,16.5,9.18
78.18,16.9,4.92,1.41,0.31,17.29,20.48,350.92,14.8,20.01
7.48,89.23,3.29,3.1,0.67,35.71,22.4,50.0,12.1,3.82
18.76,11.78,69.46,4.72,0.88,11.28,37.26,50.0,22.9,6.14
23.65,33.51,42.84,1.97,0.26,18.71,19.6,50.0,18.9,7.29
44.64,51.74,3.62,2.35,0.29,26.48,22.89,210.38,12.6,12.33
48.06,30.47,21.47,2.65,0.59,21.11,25.64,142.43,18.2,13.04
51.5,4.2,44.3,1.81,0.33,15.0,19.71,80.31,22.3,13.69
14.62,68.99,16.39,4.27,0.71,26.95,28.34,50.0,13.3,5.43
21.42,8.1,70.48,2.54,0.86,17.46,20.77,50.0,23.8,6.68
5.56,58.57,35.87,3.13,1.35,30.75,19.93,50.0,15.8,3.23
60.81,1.52,37.67,4.05,1.33,16.82,33.85,103.66,18.7,15.96
79.06,8.05,12.89,3.89,1.11,17.97,39.45,277.43,17.2,20.27
14.07,6.65,79.28,3.33,0.66,14.94,25.34,50.0,22.5,4.96
42.25,56.65,1.1,4.49,1.4,31.26,36.44,154.32,13.7,11.89
8.46,43.87,47.67,2.7,1.13,25.86,16.97,50.0,19.7,3.82
61.27,34.87,3.86,2.34,1.22,27.64,17.17,239.43,15.3,16.18
18.01,56.54,25.45,1.9,0.73,29.35,13.71,50.0,15.7,6.09
65.13,11.9,22.97,3.53,0.12,10.11,38.44,221.58,17.5,16.97
78.26,9.46,12.28,1.27,1.15,22.02,15.86,290.03,16.2,20.01
2.47,42.36,55.17,1.26,1.19,32.29,5.0,50.0,18.2,2.37
68.94,14.18,16.88,4.45,1.42,16.05,37.29,207.1,18.7,17.95
1.77,11.68,86.55,3.64,0.14,10.42,27.23,50.0,23.9,2.09
12.88,69.29,17.83,1.4,0.44,33.23,11.82,50.0,15.5,4.93
65.68,13.66,20.66,4.59,0.12,10.0,49.5,226.47,16.6,17.14
28.39,53.05,18.56,3.5,0.67,22.16,32.3,50.0,15.1,8.56
39.82,4.17,56.01,2.95,1.35,17.74,25.52,50.0,22.1,11.01
13.26,6.67,80.07,4.94,0.84,11.02,35.75,50.0,22.7,4.82
14.68,37.02,48.3,4.32,0.39,20.39,37.95,50.0,19.5,5.28
70.56,15.57,13.87,3.08,0.17,14.53,32.92,296.1,15.9,18.26
25.24,44.22,30.54,2.42,1.11,28.74,14.09,50.0,16.5,7.76
63.89,30.51,5.6,1.12,0.47,22.34,16.44,317.77,14.9,16.71
20.41,73.93,5.66,1.3,1.12,40.57,7.77,50.0,12.5,6.74
37.97,35.68,26.35,2.09,0.93,24.23,17.27,51.4,17.5,10.69
6.72,25.61,67.67,3.93,1.23,22.85,28.42,50.0,22.1,3.36
12.64,4.7,82.66,4.78,0.16,10.0,39.75,50.0,22.8,4.64
66.77,0.93,32.3,2.19,1.39,20.89,20.42,148.53,20.1,17.3
65.14,1.39,33.47,1.92,0.27,13.46,22.82,206.55,18.4,16.88
5.53,31.0,63.47,4.16,0.55,19.03,31.93,50.0,21.4,3.1
1.18,97.79,1.03,4.5,0.84,34.71,34.8,50.0,10.9,2.43
26.97,53.97,19.06,2.67,0.69,25.98,23.54,50.0,14.4,8.21
35.42,36.76,27.82,1.17,0.13,22.58,14.49,89.44,15.9,10.05
5.15,62.6,32.25,1.36,0.68,35.47,6.92,50.0,17.7,3.08
61.16,22.31,16.53,1.88,0.36,18.02,24.79,249.89,16.0,16.05
39.04,5.48,55.48,1.9,0.41,18.57,20.88,50.0,21.4,10.77
82.43,12.12,5.45,4.55,1.44,18.0,42.23,343.72,17.9,21.11
8.41,48.51,43.08,2.04,1.11,28.45,12.01,50.0,16.8,3.81
2.97,71.41,25.62,2.92,0.93,31.86,21.24,50.0,16.8,2.67
7.73,52.51,39.76,3.63,1.29,29.22,25.18,50.0,18.2,3.73
32.56,27.53,39.91,1.63,1.33,26.35,11.57,50.0,17.8,9.38
4.78,46.5,48.72,3.03,0.11,22.45,21.43,50.0,18.6,2.95
14.45,48.27,37.28,4.12,0.25,20.7,37.03,50.0,17.6,5.27
26.36,70.79,2.85,4.75,1.06,29.28,35.84,73.13,12.9,8.22
38.49,18.72,42.79,1.18,1.32,24.4,9.37,50.0,19.3,10.71
55.82,28.66,15.52,4.99,0.7,14.54,44.44,201.85,17.1,14.93
16.9,5.82,77.28,3.62,0.48,13.07,28.9,50.0,22.4,5.62
10.22,6.46,83.32,2.64,1.35,18.37,14.56,50.0,23.8,4.05
14.84,64.48,20.68,4.87,0.36,24.05,40.3,50.0,15.3,5.47
56.0,38.5,5.5,1.13,1.39,32.58,11.47,188.04,14.6,14.93
7.22,62.43,30.35,1.8,0.79,31.94,10.17,50.0,15.3,3.59
37.51,61.31,1.18,1.29,0.65,35.36,11.7,172.42,12.0,10.68
55.87,42.99,1.14,2.92,0.25,21.4,28.17,287.57,14.8,14.94
66.94,0.8,32.26,3.07,0.22,10.0,33.33,200.63,18.5,17.33
6.62,38.99,54.39,4.2,0.38,20.73,34.54,50.0,18.8,3.39
27.23,45.16,27.61,4.21,0.58,21.52,36.76,50.0,17.8,8.27
33.34,24.15,42.51,1.33,0.18,18.48,13.77,50.0,19.5,9.5
85.89,9.47,4.64,4.16,1.02,19.62,40.87,357.02,16.7,21.89
54.24,35.6,10.16,1.8,1.05,26.21,13.95,196.58,15.9,14.51
58.11,23.72,18.17,2.48,1.48,22.51,25.16,160.72,18.4,15.39
41.97,46.9,11.13,2.11,0.93,30.3,21.29,120.97,15.2,11.69
32.65,62.21,5.14,1.95,1.46,35.9,12.61,60.56,13.4,9.59
60.92,17.55,21.53,2.44,0.93,19.54,21.77,166.17,18.4,16.01
28.97,2.74,68.29,2.82,0.43,10.0,25.26,50.0,23.9,8.42
11.56,38.82,49.62,1.67,0.33,22.86,17.6,50.0,19.5,4.47
28.06,64.6,7.34,1.45,0.48,31.2,12.03,91.24,12.5,8.47
71.4,9.99,18.61,1.17,0.31,18.39,19.21,288.85,14.5,18.37
34.94,57.23,7.83,1.12,0.53,28.84,12.84,127.89,13.3,10.05
20.89,72.16,6.95,3.77,1.27,33.35,27.67,63.29,13.0,6.92
69.87,29.07,1.06,4.72,1.07,17.63,44.23,286.18,16.3,18.24
47.05,5.04,47.91,5.0,0.17,10.0,46.87,51.21,21.0,12.74
19.53,31.29,49.18,2.62,0.56,22.51,22.23,50.0,20.0,6.34
23.8,70.87,5.33,3.18,0.11,25.37,25.58,118.26,12.1,7.55
36.21,43.83,19.96,2.49,0.42,23.75,21.85,104.75,17.3,10.32
20.15,15.46,64.39,3.08,0.77,15.24,20.52,50.0,24.1,6.43
23.06,35.65,41.29,3.87,1.44,24.43,28.0,50.0,18.9,7.26
10.0,62.24,27.76,2.14,0.53,29.73,18.75,50.0,14.1,4.24
59.65,15.08,25.27,1.49,0.35,16.44,20.22,215.92,18.0,15.65
9.06,67.17,23.77,4.85,0.78,27.11,38.99,50.0,14.6,4.13
53.48,16.28,30.24,4.54,0.42,13.26,39.65,152.93,17.9,14.3
76.53,14.49,8.98,4.12,0.48,12.82,44.53,319.22,16.5,19.7
39.71,24.41,35.88,1.67,1.13,24.01,14.57,50.0,20.0,11.04
51.02,17.02,31.96,3.38,0.8,16.09,33.97,126.82,17.8,13.7
19.47,78.26,2.27,1.42,1.11,35.95,9.86,50.0,11.6,6.54
35.29,5.79,58.92,1.27,1.22,21.58,6.24,50.0,22.4,9.9
48.85,25.16,25.99,3.68,1.49,23.91,33.21,81.98,19.1,13.26
1.53,20.4,78.07,1.7,1.07,23.37,5.65,50.0,21.9,2.04
48.14,14.57,37.29,4.18,1.4,17.88,30.85,50.0,19.8,13.05
51.86,20.68,27.46,1.36,1.16,24.61,12.55,119.17,18.7,13.87
5.24,51.35,43.41,2.44,0.22,24.41,20.62,50.0,16.2,3.07
26.52,41.05,32.43,4.68,0.8,20.83,37.22,50.0,16.9,8.1
38.76,31.37,29.87,2.22,0.21,17.88,21.82,56.35,18.7,10.84
57.43,15.84,26.73,1.53,1.31,23.72,15.94,154.03,18.4,15.16
13.74,49.91,36.35,1.59,0.61,28.72,11.84,50.0,16.5,5.04
50.53,41.47,8.0,3.56,0.4,22.94,36.5,203.05,16.2,13.7
1.11,97.78,1.11,3.78,1.48,39.92,22.18,50.0,10.5,2.41
7.9,87.34,4.76,3.04,1.5,40.41,20.39,50.0,10.6,3.93
51.85,38.45,9.7,4.55,0.73,19.13,38.19,211.31,14.7,14.04
47.23,52.37,0.4,2.66,0.77,26.57,25.3,181.65,13.6,12.96
0.3,6.88,92.82,4.21,1.44,15.45,26.46,50.0,27.0,1.77
70.64,3.92,25.44,1.6,0.55,15.82,24.07,213.95,16.7,18.18
14.05,35.11,50.84,4.82,1.2,23.05,32.43,50.0,18.9,5.16
43.79,0.93,55.28,2.85,0.99,16.59,25.02,50.0,23.0,11.91
7.17,75.92,16.91,3.95,0.82,30.66,28.76,50.0,13.4,3.71
46.49,45.94,7.57,4.83,1.13,21.58,38.02,176.49,13.8,12.83
73.22,13.85,12.93,1.39,1.02,20.63,18.76,285.27,17.9,18.85
57.22,27.39,15.39,3.46,1.18,22.69,34.69,170.77,17.1,15.22
68.55,16.14,15.31,3.99,1.24,17.21,36.72,243.32,16.5,17.85
19.79,36.21,44.0,2.76,0.96,23.96,19.69,50.0,19.4,6.44
8.41,42.26,49.33,4.39,1.39,26.38,27.8,50.0,18.7,3.86
33.69,38.72,27.59,1.71,0.86,27.02,13.13,50.0,17.4,9.69
18.25,47.57,34.18,3.17,0.93,23.28,23.6,50.0,17.7,6.15
45.82,22.43,31.75,1.64,0.75,21.51,14.54,69.74,18.6,12.45
26.23,42.78,30.99,1.75,0.6,26.21,17.84,50.0,15.9,7.95
6.16,13.93,79.91,4.99,0.62,14.81,36.94,50.0,24.2,3.19
22.39,23.99,53.62,1.01,0.97,26.55,5.44,50.0,19.3,6.94
37.45,58.72,3.83,3.32,0.89,31.47,30.14,152.46,14.0,10.72
11.45,63.45,25.1,1.31,0.18,31.0,10.0,50.0,16.0,4.55
49.61,39.52,10.87,2.31,0.71,24.4,22.13,201.05,15.7,13.45
63.18,26.68,10.14,2.68,0.99,21.73,26.49,254.98,15.4,16.59
21.82,38.23,39.95,1.74,0.61,24.95,10.61,50.0,17.9,6.89
10.27,19.21,70.52,4.37,0.36,12.93,37.48,50.0,22.0,4.15
4.06,62.83,33.11,2.75,1.12,31.02,17.95,50.0,16.5,2.88
24.86,19.11,56.03,1.28,0.18,16.83,11.28,50.0,20.4,7.48
14.15,15.64,70.21,2.8,1.19,20.42,17.08,50.0,23.1,5.02
15.52,83.68,0.8,3.66,1.45,38.35,24.55,50.0,11.3,5.72
5.39,23.47,71.14,2.03,1.02,23.37,9.24,50.0,21.9,2.98
62.98,28.88,8.14,1.6,0.42,22.49,19.25,282.43,18.0,16.51
3.62,58.34,38.04,1.27,1.09,32.34,5.43,50.0,14.0,2.71
3.63,58.36,38.01,3.68,0.75,29.38,24.17,50.0,17.0,2.78
24.15,55.19,20.66,1.21,1.2,32.61,5.7,50.0,14.4,7.52
59.51,30.84,9.65,4.51,1.33,21.13,39.38,212.44,15.4,15.81
93.96,1.75,4.29,2.86,1.37,17.67,36.51,403.18,15.6,23.72
46.67,12.94,40.39,4.86,0.39,10.0,44.33,69.71,20.8,12.69
32.37,51.42,16.21,4.66,0.85,24.36,36.19,56.6,16.1,9.53
41.98,51.03,6.99,4.93,0.3,18.88,43.21,175.81,14.9,11.78
9.7,34.13,56.17,1.33,1.34,28.95,8.22,50.0,20.4,4.03
66.26,17.63,16.11,1.66,1.33,22.28,16.06,217.37,16.5,17.25
17.72,30.04,52.24,1.32,1.12,27.1,7.03,50.0,21.0,5.89
54.98,16.75,28.27,4.29,0.74,14.91,34.39,130.4,19.0,14.65
5.99,39.09,54.92,1.4,0.44,24.02,8.05,50.0,19.2,3.16
42.85,39.47,17.68,4.37,0.76,20.74,37.86,122.25,15.0,11.92
24.2,71.36,4.44,1.7,1.3,38.12,9.78,65.2,11.5,7.63
52.24,31.7,16.06,1.85,0.15,21.67,19.25,205.03,16.7,13.99
28.99,7.99,63.02,3.68,0.88,14.72,27.44,50.0,21.8,8.49
15.72,9.51,74.77,1.44,0.69,18.3,11.27,50.0,23.8,5.31
44.32,25.72,29.96,1.07,1.45,26.59,10.13,50.0,18.5,12.12
60.68,3.52,35.8,3.16,0.24,10.0,32.59,133.66,20.2,15.88
20.2,77.01,2.79,4.61,1.29,34.2,36.88,50.0,12.3,6.81
63.51,1.42,35.07,4.98,1.3,12.09,42.94,137.5,20.6,16.62
4.65,3.76,91.59,3.68,1.26,16.42,25.84,50.0,25.6,2.76
15.63,23.39,60.98,3.41,1.35,25.29,20.65,50.0,22.7,5.43
55.08,12.31,32.61,1.42,0.64,22.33,16.07,127.73,19.2,14.57
44.3,22.97,32.73,1.28,0.46,20.28,10.17,75.42,16.1,12.08
14.64,63.27,22.09,1.83,0.82,31.61,11.23,50.0,16.4,5.34
19.16,9.26,71.58,2.59,0.22,12.13,23.03,50.0,20.5,6.13
52.29,17.16,30.55,4.97,0.28,10.0,43.18,107.11,16.6,14.03
52.12,27.39,20.49,2.24,1.25,25.08,18.26,122.11,17.0,13.99
31.16,39.2,29.64,1.48,0.69,25.78,13.22,50.0,16.4,9.08
55.93,21.73,22.34,2.45,0.93,21.42,24.86,163.28,17.8,14.85
5.09,92.19,2.72,3.14,0.3,33.52,23.97,50.0,10.0,3.26
83.03,4.31,12.66,3.23,0.58,14.38,37.97,350.91,17.9,21.15
28.07,55.83,16.1,2.23,1.2,33.79,15.55,50.0,15.1,8.48
72.39,16.43,11.18,3.33,0.62,18.55,35.96,279.86,17.8,18.71
20.3,62.6,17.1,4.56,0.58,26.98,39.42,50.0,14.4,6.74
25.96,18.36,55.68,3.42,0.61,19.25,27.28,50.0,19.5,7.81
0.69,17.36,81.95,2.54,0.15,15.03,18.93,50.0,24.9,1.83
12.33,83.21,4.46,4.82,0.54,29.76,39.52,50.0,10.8,4.97
30.53,57.19,12.28,3.21,0.86,28.99,26.96,50.0,13.8,9.08
52.12,37.58,10.3,2.37,0.48,22.63,25.37,216.68,13.3,14.02
8.71,34.11,57.18,2.96,0.66,23.22,25.6,50.0,20.5,3.83
42.3,3.39,54.31,3.17,0.42,12.43,33.14,50.0,21.5,11.57
39.52,8.07,52.41,4.78,0.31,10.0,42.56,50.0,20.8,10.98
52.4,27.75,19.85,1.81,1.17,25.7,11.65,180.51,16.3,14.04
30.97,60.95,8.08,4.31,1.17,29.47,33.45,74.39,13.6,9.25
43.93,13.21,42.86,4.57,0.19,10.1,44.21,84.18,19.8,12.03
79.63,0.59,19.78,3.75,1.11,13.15,37.21,264.01,16.6,20.36
74.34,14.89,10.77,4.83,0.11,10.0,50.95,334.1,17.0,19.19
5.11,46.37,48.52,3.63,1.17,26.88,26.1,50.0,17.7,3.08
7.17,46.45,46.38,1.26,0.59,27.79,7.94,50.0,18.9,3.47
31.5,7.07,61.43,4.18,1.09,12.54,31.19,50.0,20.8,9.1
33.93,55.23,10.84,4.62,0.55,20.56,39.03,107.64,14.3,9.9
38.36,18.36,43.28,1.49,1.34,20.12,11.34,50.0,20.6,10.69
4.97,76.56,18.47,3.86,1.25,34.27,28.11,50.0,14.1,3.2
59.81,12.68,27.51,2.14,0.29,14.84,24.95,170.58,19.2,15.69
0.02,93.7,6.28,2.1,1.09,39.48,13.6,50.0,11.2,2.07
12.41,72.8,14.79,4.16,1.35,34.26,28.12,50.0,13.7,4.95
4.83,60.0,35.17,2.55,0.99,31.62,14.54,50.0,16.6,3.04
25.31,53.25,21.44,2.19,0.25,26.36,22.47,50.0,15.0,7.79
71.36,15.76,12.88,2.83,0.39,13.51,28.56,310.78,16.2,18.44
59.2,7.43,33.37,2.89,1.33,20.06,23.21,92.69,19.8,15.58
5.78,41.47,52.75,2.26,1.0,29.17,12.42,50.0,19.1,3.16
39.53,53.49,6.98,1.45,0.82,31.5,12.4,134.9,13.0,11.13
34.75,26.51,38.74,3.38,0.11,16.33,31.62,52.41,18.8,9.9
11.18,44.48,44.34,3.09,1.47,29.77,20.23,50.0,17.6,4.49
0.96,18.78,80.26,3.07,0.59,18.58,19.05,50.0,23.8,1.93
41.36,34.27,24.37,1.26,0.42,23.41,10.9,94.76,18.4,11.44
0.98,52.02,47.0,4.14,1.49,29.47,25.92,50.0,17.4,2.16
40.86,34.87,24.27,3.49,1.19,22.21,28.59,71.95,17.8,11.42
25.67,58.6,15.73,2.38,1.38,32.78,12.32,50.0,15.3,7.94
27.75,68.85,3.4,3.52,0.73,27.14,29.04,126.98,12.9,8.49
3.88,15.7,80.42,2.84,0.87,17.62,18.79,50.0,22.0,2.6
10.96,2.39,86.65,4.92,1.21,12.37,36.13,50.0,25.0,4.27
37.05,58.06,4.89,3.49,1.47,32.18,24.97,108.27,14.2,10.65
70.39,26.33,3.28,2.91,1.11,23.5,25.7,280.74,15.5,18.29
27.75,49.22,23.03,1.05,0.11,26.79,11.6,56.27,14.6,8.3
9.95,15.38,74.67,3.92,0.23,11.73,31.57,50.0,22.5,4.04
12.95,34.99,52.06,4.68,1.49,21.31,28.73,50.0,19.6,4.9
69.83,19.94,10.23,4.15,0.45,11.43,43.21,274.11,16.8,18.15
7.53,88.67,3.8,3.02,0.41,33.91,22.86,50.0,13.9,3.82
28.76,24.1,47.14,2.13,0.59,20.02,20.25,50.0,21.0,8.46
37.99,12.64,49.37,1.74,0.56,17.49,17.71,50.0,21.0,10.56
13.17,41.65,45.18,2.33,1.07,28.19,17.65,50.0,18.8,4.91
75.98,5.25,18.77,4.06,0.1,10.0,38.26,293.6,16.6,19.51
57.91,41.86,0.23,3.92,1.45,27.34,30.5,240.67,14.4,15.48
42.13,27.68,30.19,3.85,1.24,20.97,28.65,68.22,15.9,11.69
55.48,4.19,40.33,3.84,0.33,10.98,40.2,120.7,18.3,14.68
11.62,41.39,46.99,1.41,0.82,23.98,9.24,50.0,19.6,4.5
14.26,58.43,27.31,3.92,1.31,30.89,25.71,50.0,14.7,5.3
6.6,62.04,31.36,3.8,1.12,30.58,25.97,50.0,16.0,3.51
5.84,50.64,43.52,2.54,0.14,21.14,19.78,50.0,18.4,3.21
18.58,80.18,1.24,3.02,1.11,35.31,21.94,50.0,13.5,6.39
19.05,5.33,75.62,1.63,0.53,17.29,12.46,50.0,23.9,6.07
13.62,46.32,40.06,4.33,1.37,26.24,28.55,50.0,16.6,5.1
24.01,53.56,22.43,3.93,0.67,23.75,28.28,50.0,16.8,7.55
1.7,13.7,84.6,3.57,1.04,15.75,24.66,50.0,23.3,2.11
14.14,43.07,42.79,2.73,1.47,29.18,15.09,50.0,17.2,5.16
43.09,39.23,17.68,2.39,0.66,22.74,20.96,95.65,15.7,11.91
6.96,21.97,71.07,3.41,0.21,14.11,26.73,50.0,23.3,3.35
76.21,22.68,1.11,4.86,0.45,15.43,50.09,335.21,15.9,19.68
9.77,28.12,62.11,4.79,0.25,14.78,39.22,50.0,19.5,4.09
42.05,39.69,18.26,1.06,0.92,27.83,6.94,102.42,16.3,11.64
58.02,6.62,35.36,4.91,0.24,10.0,46.43,149.51,18.8,15.32
73.9,17.1,9.0,2.74,1.11,20.48,27.28,314.42,17.3,19.07
17.05,77.05,5.9,1.8,1.33,37.47,8.93,50.0,11.9,5.99
3.23,30.74,66.03,3.43,1.04,22.68,23.63,50.0,21.3,2.55
26.23,37.15,36.62,3.09,0.2,20.33,27.24,50.0,20.2,7.95
10.34,15.17,74.49,3.67,1.2,21.86,23.41,50.0,21.7,4.15
25.47,26.68,47.85,4.75,0.19,12.49,42.59,50.0,19.4,7.77
32.14,62.67,5.19,2.96,1.4,33.53,20.75,111.22,12.4,9.5
46.37,26.73,26.9,1.28,0.36,22.47,16.08,123.79,18.3,12.58
14.11,41.17,44.72,2.0,0.82,23.0,15.08,50.0,17.9,5.11
35.59,8.41,56.0,4.81,0.56,10.97,36.58,50.0,20.3,10.07
46.84,40.64,12.52,4.44,1.05,22.84,37.63,138.78,16.8,12.88
42.14,7.81,50.05,1.72,1.07,19.31,14.14,50.0,21.5,11.53
73.32,17.83,8.85,1.08,0.33,18.86,18.84,308.08,15.7,18.86
13.1,38.15,48.75,1.98,0.18,19.59,15.78,50.0,21.1,4.83
28.65,29.86,41.49,3.79,1.08,21.37,26.62,50.0,18.4,8.53
53.06,40.42,6.52,3.42,0.26,18.48,33.2,215.19,15.3,14.28
16.66,75.69,7.65,3.03,0.69,31.93,21.76,57.06,13.9,5.91
79.43,19.88,0.69,3.89,0.85,17.85,39.56,359.73,16.3,20.41
15.77,60.92,23.31,1.73,1.3,34.43,11.75,50.0,14.6,5.6
38.97,55.58,5.45,1.27,1.33,35.61,5.0,111.84,14.0,11.01
17.65,61.05,21.3,4.99,0.88,23.95,36.79,50.0,13.6,6.13
6.15,39.89,53.96,3.89,1.02,24.29,24.67,50.0,19.4,3.29
41.75,37.91,20.34,1.27,1.17,31.05,11.4,95.92,16.8,11.57
36.62,7.59,55.79,3.48,1.14,16.11,26.67,50.0,21.7,10.28
50.61,30.13,19.26,3.62,1.34,26.13,32.07,124.88,15.2,13.69
69.93,17.53,12.54,2.26,0.44,16.95,23.56,284.63,17.3,18.1
14.07,5.41,80.52,2.53,1.25,20.46,17.29,50.0,22.7,4.95
7.45,67.97,24.58,2.3,0.48,31.17,15.22,50.0,13.7,3.67
9.98,35.23,54.79,4.11,1.17,21.18,31.4,50.0,19.7,4.18
12.28,1.4,86.32,1.97,0.88,16.83,12.68,50.0,24.3,4.48
44.74,8.04,47.22,4.98,1.26,13.91,41.54,50.0,20.4,12.24
1.37,93.22,5.41,3.99,1.23,36.18,25.49,50.0,11.7,2.44
55.86,30.46,13.68,3.62,0.42,19.9,36.5,226.59,17.9,14.9
25.37,51.74,22.89,3.32,1.49,29.71,26.04,50.0,17.2,7.86
6.84,23.89,69.27,4.72,0.58,12.81,36.17,50.0,22.3,3.39
56.82,40.7,2.48,2.82,1.04,24.19,28.85,262.51,14.2,15.17
46.62,40.82,12.56,1.62,0.99,26.1,15.75,139.81,17.0,12.74
35.5,58.51,5.99,1.08,1.19,36.94,9.72,113.36,14.1,10.2
69.27,16.4,14.33,2.61,0.32,13.32,30.75,281.36,17.4,17.95
64.63,31.53,3.84,1.13,0.69,25.06,13.77,264.0,15.4,16.9
45.39,49.61,5.0,3.95,0.5,22.94,36.06,205.84,13.9,12.55
11.88,75.32,12.8,4.9,1.24,31.16,33.29,50.0,12.0,4.85
51.91,17.67,30.42,1.59,1.46,22.44,12.28,76.36,19.2,13.88
46.86,34.85,18.29,2.03,0.6,22.57,20.63,149.72,15.5,12.77
6.16,16.27,77.57,1.62,0.22,14.27,12.48,50.0,23.2,3.08
8.57,50.51,40.92,1.58,0.97,30.14,5.52,50.0,16.7,3.84
17.0,80.28,2.72,2.67,0.74,34.98,23.49,62.01,12.9,6.0
63.3,12.03,24.67,4.36,1.49,17.81,38.62,162.42,16.5,16.61
50.28,25.2,24.52,4.35,0.61,15.85,41.4,125.93,15.2,13.59
80.27,7.52,12.21,4.81,0.35,12.22,52.02,374.23,16.7,20.56
17.06,52.54,30.4,3.65,0.3,20.7,30.84,50.0,15.7,5.89
8.84,76.44,14.72,4.71,1.46,31.79,32.15,50.0,13.1,4.14
33.6,6.68,59.72,4.38,1.21,15.95,32.07,50.0,21.0,9.6
77.76,10.78,11.46,1.0,1.32,24.42,15.52,282.89,17.1,19.9
53.58,37.81,8.61,2.94,1.39,25.93,23.14,178.54,15.9,14.41
28.22,64.24,7.54,2.95,0.7,28.57,27.11,78.67,13.9,8.56
4.58,33.84,61.58,3.04,0.96,23.17,21.98,50.0,20.5,2.87
2.51,56.69,40.8,4.36,0.32,22.3,32.81,50.0,17.6,2.51
64.3,22.63,13.07,2.52,1.22,25.08,22.48,227.91,15.7,16.84
12.09,50.6,37.31,4.72,0.64,22.2,38.97,50.0,17.9,4.75
11.41,0.82,87.77,3.67,1.41,17.37,21.1,50.0,25.9,4.34
26.97,42.09,30.94,3.96,0.49,21.86,36.22,50.0,16.8,8.18
44.71,23.13,32.16,4.34,1.41,19.86,32.07,50.0,18.4,12.3
72.78,12.51,14.71,1.99,0.76,20.52,24.59,284.6,18.4,18.75
42.97,31.13,25.9,1.22,0.11,21.96,13.42,86.42,15.5,11.79
31.67,33.14,35.19,2.26,1.07,23.95,16.26,50.0,16.8,9.21
22.78,72.04,5.18,3.94,0.84,30.08,27.04,72.32,11.3,7.36
65.21,20.59,14.2,3.19,1.36,23.82,26.81,225.84,16.6,17.06
47.44,23.06,29.5,4.59,0.66,16.25,41.55,101.36,16.9,12.92
13.29,2.69,84.02,1.86,0.19,15.37,17.13,50.0,24.1,4.7
71.81,10.3,17.89,3.27,0.51,14.0,35.28,264.21,17.1,18.54
2.94,63.86,33.2,1.91,0.96,33.63,7.83,50.0,15.7,2.6
61.39,23.18,15.43,2.45,1.23,21.66,21.39,198.09,15.5,16.15
23.96,66.93,9.11,2.52,1.23,33.46,19.91,50.0,13.2,7.58
48.7,2.28,49.02,3.74,0.84,13.09,32.0,50.0,20.5,13.09
19.64,65.18,15.18,3.86,0.2,23.33,32.41,50.0,14.4,6.56
67.67,4.99,27.34,3.2,0.66,14.41,33.31,184.64,19.9,17.54
34.89,13.24,51.87,2.65,1.05,18.48,21.59,50.0,20.1,9.88
8.66,89.17,2.17,2.68,0.34,34.2,23.08,50.0,10.2,4.07
27.76,66.98,5.26,4.54,1.41,31.46,34.82,50.0,14.9,8.54
42.49,23.07,34.44,2.71,1.12,21.62,23.0,50.0,19.5,11.72
64.15,19.44,16.41,4.66,0.45,13.16,47.09,211.13,16.8,16.83
66.26,30.62,3.12,2.09,0.11,21.4,24.72,334.66,13.6,17.29
32.22,57.72,10.06,4.13,0.47,26.46,37.66,93.13,14.5,9.5
70.36,5.04,24.6,1.89,0.53,12.29,25.55,232.2,17.9,18.13
12.77,33.39,53.84,1.34,0.65,26.14,12.7,50.0,19.1,4.73
0.44,32.74,66.82,1.54,0.42,21.73,10.07,50.0,20.5,1.83
35.56,2.07,62.37,1.05,1.2,20.48,7.66,50.0,23.6,9.93
76.68,16.54,6.78,3.84,0.48,13.97,41.38,328.98,15.9,19.73
13.96,44.88,41.16,1.9,0.42,24.77,13.4,50.0,17.5,5.07
5.07,13.78,81.15,1.21,0.79,17.87,5.14,50.0,21.1,2.82
6.61,31.88,61.51,4.04,0.32,16.12,30.32,50.0,18.8,3.34
92.4,4.74,2.86,2.57,1.08,18.31,26.74,415.78,15.7,23.35
78.63,12.27,9.1,2.65,0.44,16.87,31.83,355.65,16.8,20.13
25.1,8.44,66.46,2.44,1.04,17.9,17.67,50.0,23.3,7.55
26.82,62.55,10.63,2.87,0.97,28.41,18.37,65.6,12.1,8.23
39.19,4.64,56.17,3.76,1.25,18.34,30.3,50.0,20.7,10.88
12.12,83.37,4.51,1.5,1.47,43.01,7.37,50.0,11.1,4.85
30.33,31.08,38.59,3.3,0.7,21.75,25.92,50.0,17.3,8.9
10.13,37.44,52.43,1.87,0.18,22.13,13.6,50.0,20.6,4.13
17.61,71.48,10.91,2.86,0.12,27.59,24.28,50.0,13.2,6.09
36.04,51.51,12.45,2.18,1.03,29.97,19.57,91.88,17.5,10.32
6.63,8.68,84.69,2.36,1.38,19.13,12.42,50.0,25.1,3.21
17.55,28.18,54.27,4.17,1.05,20.56,31.04,50.0,19.3,5.92
36.28,33.61,30.11,1.06,1.12,29.75,5.83,50.0,18.0,10.26
7.14,4.9,87.96,4.67,1.01,12.62,31.64,50.0,25.3,3.37
9.18,0.0,90.82,2.43,0.46,12.94,17.92,50.0,27.8,3.74
6.52,58.41,35.07,3.43,0.64,26.09,24.79,50.0,16.3,3.45
3.78,84.82,11.4,3.13,1.32,37.02,21.04,50.0,11.3,2.95
42.26,43.4,14.34,1.53,0.99,29.05,11.58,133.72,16.3,11.72
33.69,49.63,16.68,3.92,0.97,24.7,28.09,81.94,15.5,9.81
5.96,3.66,90.38,1.43,0.77,19.36,13.12,50.0,24.0,2.98
38.01,12.88,49.11,4.28,0.16,13.58,39.1,50.0,19.2,10.63
19.43,46.64,33.93,3.33,1.12,28.82,21.27,50.0,16.9,6.43
49.04,32.96,18.0,4.65,0.13,14.16,43.59,183.09,17.2,13.33
19.8,55.4,24.8,4.03,0.74,26.25,31.24,50.0,15.4,6.57
18.16,72.03,9.81,1.25,0.58,32.11,9.87,50.0,12.7,6.18
18.4,4.4,77.2,2.66,0.64,13.56,24.75,50.0,23.7,5.94
30.29,50.86,18.85,4.82,0.31,23.6,40.47,50.0,16.8,9.03
39.47,12.97,47.56,1.65,1.13,24.97,15.85,50.0,21.1,10.92
15.0,57.5,27.5,1.32,0.89,31.77,9.97,50.0,15.4,5.38
10.03,34.64,55.33,1.32,1.42,30.3,7.94,50.0,19.4,4.11
48.75,42.28,8.97,4.76,0.27,18.51,42.42,197.34,14.3,13.32
16.72,20.01,63.27,3.69,0.77,16.23,27.37,50.0,20.5,5.66
33.06,3.87,63.07,4.61,0.64,10.15,35.74,50.0,23.3,9.45
15.27,56.38,28.35,4.3,0.98,27.07,34.48,50.0,15.9,5.53
39.8,47.47,12.73,3.5,0.9,27.37,30.58,91.46,15.0,11.22
62.23,4.73,33.04,1.65,0.36,14.33,18.22,169.28,18.5,16.21
38.55,35.51,25.94,4.36,0.3,15.87,39.18,84.08,16.1,10.88
22.23,56.03,21.74,4.84,0.17,20.61,38.53,50.0,15.5,7.15
57.04,36.08,6.88,1.31,0.34,20.98,17.58,250.24,15.0,15.13
10.65,33.34,56.01,1.31,0.11,23.11,14.3,50.0,17.3,4.21
55.37,2.51,42.12,1.71,0.24,13.81,21.8,93.46,21.2,14.58
57.29,31.01,11.7,1.72,1.22,27.4,20.12,205.42,15.6,15.21
9.04,39.42,51.54,4.13,1.49,26.29,26.25,50.0,19.8,3.99
10.48,10.84,78.68,1.72,1.22,23.42,7.48,50.0,21.6,4.11
32.91,30.02,37.07,1.24,1.07,26.07,7.37,50.0,19.3,9.45
11.21,86.57,2.22,3.7,0.65,32.27,25.68,50.0,14.0,4.7
28.74,23.49,47.77,3.3,0.33,20.11,26.34,50.0,19.9,8.48
74.51,1.4,24.09,4.12,0.89,13.77,37.53,266.06,18.7,19.17
45.18,32.04,22.78,1.53,0.47,25.48,13.72,92.82,16.8,12.34
0.63,66.67,32.7,3.94,0.13,25.53,31.21,50.0,14.6,2.1
5.1,52.32,42.58,2.63,0.83,27.74,17.75,50.0,17.8,3.06
29.01,53.05,17.94,4.0,1.38,26.64,30.03,50.0,14.5,8.74
19.43,25.07,55.5,3.35,0.7,17.68,26.61,50.0,20.4,6.31
13.24,20.33,66.43,1.06,1.01,25.63,6.62,50.0,20.1,4.78
22.16,23.15,54.69,4.99,1.11,18.44,36.97,50.0,20.8,7.01
10.57,6.3,83.13,3.0,1.04,17.99,18.8,50.0,25.1,4.14
11.71,5.21,83.08,3.58,1.41,19.11,21.95,50.0,25.1,4.43
84.04,12.47,3.49,3.69,1.12,15.4,37.23,332.46,15.8,21.46
18.83,34.99,46.18,1.93,0.67,22.66,13.64,50.0,18.9,6.18
11.2,33.72,55.08,4.38,0.36,16.64,35.84,50.0,19.6,4.44
62.4,10.82,26.78,2.27,1.23,19.98,22.8,152.56,18.6,16.32
22.45,55.57,21.98,2.33,0.8,29.27,22.43,50.0,14.7,7.15
43.29,52.76,3.95,4.81,0.56,23.73,43.72,191.29,13.3,12.1
5.2,44.94,49.86,3.71,0.45,21.42,28.36,50.0,18.6,3.07
21.37,62.62,16.01,1.67,1.27,32.92,10.64,50.0,16.3,6.92
28.02,18.67,53.31,4.32,1.09,19.39,35.43,50.0,20.1,8.34
66.76,6.17,27.07,4.55,0.17,10.0,45.94,203.35,19.2,17.36
8.2,81.65,10.15,4.1,0.65,31.75,30.86,50.0,11.6,3.98
24.27,42.3,33.43,4.52,0.81,19.69,35.8,50.0,16.7,7.57
45.47,26.96,27.57,4.14,0.37,16.43,40.23,89.79,15.1,12.46
12.3,57.86,29.84,2.28,0.93,30.48,15.48,50.0,16.7,4.78
6.8,27.62,65.58,1.88,0.1,17.67,16.6,50.0,21.3,3.3
39.99,9.01,51.0,2.4,0.62,18.36,23.71,50.0,20.2,11.03
61.74,15.89,22.37,3.7,0.81,16.85,34.77,196.13,17.4,16.22
57.02,11.6,31.38,4.97,1.3,16.19,40.69,92.54,18.0,15.15
44.06,10.61,45.33,1.0,0.53,17.66,10.44,50.0,20.5,11.95
17.43,15.26,67.31,4.62,0.79,13.23,35.0,50.0,20.9,5.83
18.44,8.57,72.99,1.49,0.99,20.37,12.34,50.0,22.5,5.95
8.71,90.66,0.63,3.05,1.18,37.69,18.02,50.0,10.1,4.13
34.22,53.85,11.93,3.76,0.33,22.97,29.63,122.39,15.3,9.93
51.9,8.47,39.63,1.35,0.63,17.44,15.25,81.69,20.0,13.8
5.96,26.69,67.35,4.79,0.3,13.29,38.25,50.0,21.6,3.19
51.47,14.46,34.07,1.77,0.3,17.29,22.1,97.14,17.6,13.73
62.69,27.32,9.99,3.39,1.24,21.04,29.7,216.67,14.9,16.51
15.47,44.67,39.86,3.78,0.61,21.54,30.58,50.0,17.6,5.49
8.05,4.72,87.23,2.37,1.06,17.25,14.56,50.0,25.1,3.52
66.79,11.47,21.74,2.19,0.23,13.28,26.3,249.23,17.4,17.33
4.66,89.25,6.09,3.97,0.87,34.8,30.1,50.0,12.3,3.19
5.94,81.09,12.97,2.49,1.16,37.82,14.74,50.0,14.8,3.41
85.94,2.06,12.0,2.86,0.42,12.77,34.02,339.64,16.2,21.8
72.11,13.02,14.87,2.41,1.37,23.93,24.04,241.13,17.9,18.62
19.56,64.91,15.53,4.18,1.42,33.48,30.7,50.0,14.7,6.59
47.01,4.92,48.07,3.7,0.73,12.1,35.58,50.0,21.0,12.7
57.63,32.86,9.51,2.17,1.15,23.53,20.07,204.7,15.9,15.31
17.56,62.16,20.28,3.83,0.45,24.03,30.73,50.0,13.7,6.07
65.41,28.64,5.95,3.91,0.94,21.31,37.91,267.74,15.6,17.16
27.24,68.14,4.62,4.59,0.27,25.99,38.36,83.16,14.6,8.39
21.49,64.59,13.92,4.48,0.22,24.31,38.82,50.0,12.9,7.01
8.32,56.41,35.27,3.54,0.38,25.25,23.91,50.0,17.6,3.85
11.66,62.43,25.91,4.72,0.84,25.3,36.04,50.0,13.6,4.72
43.05,47.54,9.41,2.52,0.96,27.72,22.07,121.97,14.9,11.96
36.65,32.58,30.77,2.96,0.84,22.63,20.81,50.0,16.9,10.39
23.69,10.24,66.07,3.63,0.71,15.23,25.64,50.0,21.9,7.25
70.03,19.1,10.87,3.95,0.15,10.0,40.71,327.49,16.5,18.18
15.27,2.05,82.68,3.07,0.96,14.98,18.86,50.0,24.0,5.22
5.09,82.46,12.45,1.78,0.81,35.44,11.35,50.0,12.5,3.19
68.56,11.23,20.21,1.16,0.73,22.39,19.6,218.27,16.3,17.72
16.72,67.75,15.53,4.07,1.45,34.9,29.42,50.0,12.7,5.93
22.66,24.51,52.83,2.13,0.55,21.48,17.63,50.0,22.3,7.03
10.97,16.06,72.97,3.24,0.82,17.3,24.25,50.0,22.7,4.28
24.44,57.34,18.22,1.5,0.91,31.04,13.97,50.0,15.8,7.6
67.25,28.62,4.13,2.24,0.38,20.24,26.7,287.52,16.0,17.53
9.01,62.54,28.45,1.9,0.96,32.46,11.26,50.0,15.6,4.02
91.78,5.15,3.07,1.81,1.18,22.27,18.52,419.7,15.8,23.18
71.48,2.99,25.53,4.65,0.64,10.02,45.05,237.29,18.8,18.47
12.69,78.24,9.07,2.33,1.08,37.27,13.96,50.0,13.1,4.98
41.32,28.04,30.64,4.93,1.0,19.97,39.65,65.99,17.5,11.53
5.87,86.87,7.26,2.3,1.16,41.42,10.42,50.0,12.0,3.42
38.34,8.91,52.75,2.9,0.34,11.73,23.89,50.0,20.2,10.65
66.73,5.09,28.18,3.66,0.69,11.99,39.15,195.32,18.6,17.34
51.19,47.1,1.71,2.47,1.47,30.75,14.66,194.5,14.3,13.88
19.52,35.77,44.71,2.83,0.77,23.49,21.53,50.0,18.9,6.37
73.24,24.14,2.62,3.2,0.68,18.34,33.82,332.39,16.3,18.95
1.29,82.17,16.54,2.16,0.76,35.13,15.26,50.0,13.3,2.3
14.11,60.43,25.46,1.91,0.33,28.96,15.4,50.0,15.5,5.19
54.47,15.15,30.38,4.93,0.17,10.37,45.74,137.41,17.7,14.53
2.59,1.42,95.99,1.54,0.75,14.81,12.83,50.0,26.5,2.18
40.19,33.97,25.84,4.55,1.35,24.14,32.55,50.0,17.5,11.29
8.9,86.91,4.19,3.32,0.5,32.07,22.25,50.0,12.2,4.14
11.49,39.63,48.88,2.04,0.54,23.68,14.27,50.0,17.0,4.48
59.0,0.15,40.85,4.79,0.23,10.0,46.07,125.48,18.4,15.52
14.97,16.75,68.28,2.15,0.85,16.4,16.89,50.0,23.2,5.19
47.0,13.11,39.89,3.78,0.82,17.57,31.97,50.0,18.2,12.75
16.95,22.49,60.56,2.94,1.21,19.24,21.8,50.0,21.6,5.72
20.19,55.79,24.02,1.04,1.01,28.57,7.48,50.0,16.1,6.59
66.74,5.03,28.23,4.47,0.92,11.58,44.02,188.25,17.7,17.37
17.92,72.09,9.99,4.87,1.44,30.8,31.96,50.0,12.8,6.26
33.48,52.19,14.33,3.95,0.17,20.97,34.72,85.77,13.7,9.75
52.94,30.32,16.74,2.24,1.46,24.88,14.31,147.03,16.2,14.2
10.32,42.69,46.99,3.43,0.22,19.45,28.26,50.0,19.2,4.25
11.23,87.31,1.46,4.38,0.74,31.84,32.34,50.0,10.7,4.73
51.24,41.65,7.11,2.16,0.43,23.04,20.08,197.37,15.3,13.83
9.72,10.55,79.73,4.82,1.22,13.61,32.13,50.0,23.5,4.02
45.84,43.71,10.45,3.75,0.54,21.9,33.5,167.59,14.8,12.62
13.16,38.95,47.89,2.22,1.24,27.04,9.96,50.0,19.9,4.89
76.53,4.47,19.0,3.44,1.38,18.23,30.81,230.33,18.2,19.65
33.59,21.2,45.21,4.56,0.9,17.07,41.57,50.0,19.4,9.66
15.53,54.3,30.17,2.03,0.75,29.62,16.25,50.0,16.0,5.5
51.07,45.19,3.74,3.58,1.27,29.55,31.91,216.11,11.6,13.87
3.07,89.47,7.46,2.74,0.51,33.31,20.1,50.0,12.9,2.77
40.01,24.71,35.28,4.51,0.84,15.74,37.72,50.0,18.7,11.19
62.39,34.84,2.77,1.45,0.17,20.92,19.3,284.33,13.1,16.38
51.07,16.81,32.12,3.84,0.26,11.73,38.97,101.94,19.6,13.71
90.54,4.57,4.89,4.72,0.13,10.0,52.58,436.23,17.3,22.95
