Chitosan_%,Cellulose_%,Lignin_%,Glycerol_%,Glutaraldehyde_%,Tensile_Strength_MPa,Elongation_%,Water_Absorption_%,Degradation_Days,Cost_per_kg_USD
5.0,95.46,0.0,1.0,1.5,44.72,11.49,25.65,9.5,3.12
5.93,94.07,0.0,1.42,1.5,43.85,12.85,27.56,9.6,3.45
4.98,95.02,0.0,1.99,1.5,43.16,14.67,28.81,9.4,3.25
5.0,95.44,0.0,2.29,1.5,42.72,16.19,29.73,9.3,3.16
4.56,95.44,0.0,2.29,1.5,42.72,16.19,29.73,9.3,3.16
4.62,95.38,0.0,2.98,1.42,40.92,21.13,35.74,10.0,3.2
5.14,94.86,0.0,3.25,1.5,40.73,23.85,36.49,10.3,3.32
4.98,94.43,0.59,3.35,1.5,40.44,24.64,38.01,10.6,3.29
4.99,94.38,0.63,3.54,1.5,39.88,26.24,41.31,11.1,3.3
4.97,95.03,0.0,3.63,1.5,39.68,26.94,42.89,11.3,3.3
5.0,94.28,0.72,4.37,1.5,38.77,30.37,24.79,11.8,3.32
11.12,88.88,0.0,5.0,1.5,37.89,33.19,13.77,11.8,4.75
13.12,84.0,2.88,5.0,1.36,36.76,33.88,15.04,12.2,5.19
7.92,92.08,0.0,4.97,0.85,35.66,34.17,39.86,11.6,4.0
7.31,83.56,9.14,5.0,0.97,34.81,34.4,36.32,11.9,3.81
4.14,58.34,37.52,1.0,1.41,34.73,7.85,56.4,16.4,2.84
5.0,58.34,37.52,1.0,1.41,34.73,7.85,56.4,16.4,2.84
4.52,69.61,25.87,3.68,1.48,34.49,25.28,58.71,15.6,3.07
3.72,65.04,31.23,1.37,1.05,34.46,10.02,52.6,15.2,2.77
14.95,85.05,-0.0,5.0,0.83,33.21,35.58,50.35,12.0,5.61
2.9,60.76,36.34,3.07,1.5,31.39,19.45,66.59,17.7,2.62
10.22,74.05,15.73,5.0,0.9,31.39,36.1,45.06,12.7,4.45
20.07,77.66,2.26,4.98,0.74,30.72,37.36,58.73,12.5,6.78
4.81,71.81,23.37,4.24,0.69,30.21,32.33,55.53,13.6,3.14
4.99,94.99,0.02,3.96,0.1,30.08,28.32,73.22,11.1,3.27
4.88,65.45,29.67,4.66,0.96,29.26,33.04,40.36,14.6,3.14
4.48,95.43,0.09,4.3,0.1,29.03,31.88,71.76,11.0,3.16
26.27,73.73,0.0,4.98,0.73,28.2,39.07,95.4,12.7,8.21
24.3,73.07,2.63,5.0,0.47,27.05,40.12,78.06,13.0,7.74
16.1,70.72,13.18,4.98,0.38,25.6,41.26,53.6,13.6,5.8
28.92,67.66,3.42,5.0,0.48,25.42,40.88,99.07,13.3,8.8
6.06,83.78,10.17,5.0,0.12,25.0,40.92,52.42,12.5,3.5
